houses,names
Gate,Randy Roy
Gate,Lynn Mullin
Gate,Diane Baker
Gate,Ralph Handy
Gate,Dorothy Ledford
Gate,Jacob Propst
Gate,James Hughes
Gate,Linda Jablonski
Gate,Maria Colson
Gate,Willa Carr
Gate,Patrick Balzer
Gate,Cynthia Cooper
Gate,Kevin Nicolosi
Gate,Jessica Hackler
Gate,Cecil Candelario
Gate,Nadine Smith
Gate,Ida Gischer
Gate,Shane Stephens
Gate,John Colbert
Gate,Eric Elkins
Gate,Derek Paquet
Gate,Bryant Harris
Gate,James Jones
Gate,Nell Dallas
Gate,Mary Quigley
Gate,Kevin Webber
Gate,Betty Kulick
Gate,Russell Hudson
Gate,Brandon Baldwin
Gate,Carol Buckley
Gate,Leonard Wiggins
Gate,James Henderson
Gate,Lindsey Hagadone
Gate,Sheila Barr
Gate,Warren Hensley
Gate,Daniel Harris
Gate,Gary Garcia
Gate,Paul Cooper
Gate,Sasha Espinosa
Gate,Steven Hoy
Gate,Heather Leach
Gate,Daisy Popek
Gate,Henry Villarreal
Gate,Patricia Hairston
Gate,Garland Rego
Gate,Terry Usry
Gate,Robert Toms
Gate,Madlyn Lawerence
Gate,Noemi Terrazas
Gate,Alice Mcdonald
Gate,Perry Gustafson
Gate,Alexandra Hill
Gate,Stephanie Proctor
Gate,Paul Birdsell
Gate,Mathew Brown
Gate,Cherly Sam
Gate,Donald Medford
Gate,James Shireman
Gate,Margaret Gilliland
Gate,Terry Mcknight
Gate,Lewis Cowart
Gate,Joel Stafford
Gate,Anna Infante
Gate,Michelle Sharp
Gate,Raul Clark
Gate,Mario Alfaro
Gate,William Caro
Gate,William Androlewicz
Gate,Samantha Meeter
Gate,Shauna Hawley
Gate,Jonathan Brunk
Gate,Pat Watson
Gate,Donna Palma
Gate,Frank Trinidad
Gate,Jeannette Eddington
Gate,Frederick Gutkowski
Gate,Latonya Garcia
Gate,Susan Peterson
Gate,Marvin Sanchez
Gate,Kathryn Noyes
Gate,Jerry Ransom
Gate,Shirley Washington
Gate,Stephen Deforest
Gate,Leslie Clouse
Gate,Jim Collins
Gate,Michelle Fink
Gate,Peggy Dodson
Gate,Deborah Dubois
Gate,Bradley Debuhr
Gate,Patricia Baker
Gate,Carlton Lightfoot
Gate,Rudolph Claeys
Gate,Angie Still
Gate,Amy Watts
Gate,Janet Walton
Gate,Mary Lumpkin
Gate,Anthony Pike
Gate,Erline Zuniga
Gate,Louis Brereton
Gate,Marsha Dickens
